{
    "theta0": 6331.559980189939,
    "theta1": -1105.9721327347058,
    "mean_mileage": 101066.25,
    "std_mileage": 51565.1899106445
}