{
    "theta0": 0.08777876460994437,
    "theta1": 0.045279076222429465
}