{
    "theta0": 1.7911255225329384e-05,
    "theta1": 0.04527976521608057
}